reference_year,adm0_name,adm1_name,adm2_name,population,phase_class,phase35,p35_density,actual_price,decade_price,lg_decade_price,diff_price,lg_diff_price,conflicts,fatalities
2014,Burkina Faso,Est,Komonjdjari,105540,3,21108,0.2,197.3,184.10810571992116,224.214222089013,13.191894280078886,26.91422208901295,0,0
2014,Burkina Faso,Nord,Loroum,177109,2,0,0.0,190.40345000000005,200.91187390029324,224.214222089013,10.508423900293195,33.810772089012914,0,0
2014,Burkina Faso,Nord,Yatenga,678703,2,0,0.0,190.40345000000005,200.91187390029324,224.214222089013,10.508423900293195,33.810772089012914,1,3
2014,Burkina Faso,Sahel,Oudalan,251998,3,50400,0.20000158731418505,230.9333333333333,229.2095487364621,224.214222089013,1.7237845968712122,6.7191112443203735,0,0
2014,Burkina Faso,Sahel,Seno,331150,3,66230,0.2,230.9333333333333,229.2095487364621,224.214222089013,1.7237845968712122,6.7191112443203735,0,0
2014,Burkina Faso,Sahel,Soum,440647,3,88129,0.199999092243905,230.9333333333333,229.2095487364621,224.214222089013,1.7237845968712122,6.7191112443203735,0,0
2014,Burkina Faso,Sahel,Yagha,203315,2,0,0.0,230.9333333333333,229.2095487364621,224.214222089013,1.7237845968712122,6.7191112443203735,0,0
2014,Mali,Gao,Ansongo,157184,3,56586,0.3599984731270358,211.675,251.0883964143426,224.214222089013,39.413396414342635,12.539222089012954,4,9
2014,Mali,Gao,Bourem,138610,4,62374,0.4499963927566554,211.675,251.0883964143426,224.214222089013,39.413396414342635,12.539222089012954,8,13
2014,Mali,Gao,Gao,285337,3,156935,0.5499987733802486,211.675,251.0883964143426,224.214222089013,39.413396414342635,12.539222089012954,14,82
2014,Mali,Gao,Menaka,64869,4,25948,0.4000061662735667,211.675,251.0883964143426,224.214222089013,39.413396414342635,12.539222089012954,4,7
2014,Mali,Mopti,Bandiagara,373461,4,224077,0.6000010710623064,174.78166666666667,192.26108797468362,224.214222089013,17.479421308016924,49.4325554223463,0,0
2014,Mali,Mopti,Bankass,315462,1,6309,0.019999239211061868,174.78166666666667,192.26108797468362,224.214222089013,17.479421308016924,49.4325554223463,0,0
2014,Mali,Mopti,Djenne,248309,2,12415,0.04999818774188612,174.78166666666667,192.26108797468362,224.214222089013,17.479421308016924,49.4325554223463,0,0
2014,Mali,Mopti,Douentza,293836,3,79336,0.27000095291250903,174.78166666666667,192.26108797468362,224.214222089013,17.479421308016924,49.4325554223463,1,1
2014,Mali,Mopti,Koro,431997,1,30240,0.0700004861144869,174.78166666666667,192.26108797468362,224.214222089013,17.479421308016924,49.4325554223463,0,0
2014,Mali,Mopti,Mopti,439524,1,13186,0.030000637052811682,174.78166666666667,192.26108797468362,224.214222089013,17.479421308016924,49.4325554223463,0,0
2014,Mali,Mopti,Tenenkou,194113,2,13588,0.07000046364746307,174.78166666666667,192.26108797468362,224.214222089013,17.479421308016924,49.4325554223463,0,0
2014,Mali,Mopti,Youwarou,229298,2,16051,0.070000610559185,174.78166666666667,192.26108797468362,224.214222089013,17.479421308016924,49.4325554223463,0,0
2014,Mali,Tombouctou,Dire,130659,2,20905,0.1599966324554757,239.80147058823533,246.583972392638,224.214222089013,6.782501804402728,15.58724849922234,0,0
2014,Mali,Tombouctou,Gourma-Rharous,132293,3,41011,0.3100012850264186,239.80147058823533,246.583972392638,224.214222089013,6.782501804402728,15.58724849922234,0,0
2014,Mali,Tombouctou,Niafunke,209035,3,114969,0.5499988040280336,239.80147058823533,246.583972392638,224.214222089013,6.782501804402728,15.58724849922234,0,0
2014,Niger,Tahoua,Tahoua,466127,2,69919,0.14999989273309636,233.01593071428573,230.61736754748142,224.214222089013,2.3985631668043084,8.801708625272768,0,0
2014,Niger,Tahoua,Tassara,180274,1,9014,0.050001664133485696,233.01593071428573,230.61736754748142,224.214222089013,2.3985631668043084,8.801708625272768,0,0
2014,Niger,Tahoua,Tillia,41930,1,2096,0.04998807536370141,233.01593071428573,230.61736754748142,224.214222089013,2.3985631668043084,8.801708625272768,0,0
2014,Niger,Tillaberi,Banibangou,68524,2,6852,0.09999416262915184,249.95028854961845,244.7919648848684,224.214222089013,5.158323664750043,25.736066460605482,1,2
2014,Niger,Tillaberi,Filingue,595059,1,13318,0.022380973987453343,249.95028854961845,244.7919648848684,224.214222089013,5.158323664750043,25.736066460605482,0,0
2014,Niger,Tillaberi,Kollo,499408,2,24970,0.049999199051677184,249.95028854961845,244.7919648848684,224.214222089013,5.158323664750043,25.736066460605482,0,0
2014,Niger,Tillaberi,Ouallam,347682,3,86920,0.24999856190426886,249.95028854961845,244.7919648848684,224.214222089013,5.158323664750043,25.736066460605482,3,13
2014,Niger,Tillaberi,Say,389966,2,20299,0.0520532559248755,249.95028854961845,244.7919648848684,224.214222089013,5.158323664750043,25.736066460605482,0,0
2014,Niger,Tillaberi,Tera,452905,2,27182,0.06001700135790066,249.95028854961845,244.7919648848684,224.214222089013,5.158323664750043,25.736066460605482,0,0
2014,Niger,Tillaberi,Tillaberi,560655,2,15078,0.026893544158172137,249.95028854961845,244.7919648848684,224.214222089013,5.158323664750043,25.736066460605482,0,0
2015,Burkina Faso,Est,Komonjdjari,109394,1,0,0.0,177.78313253012047,184.10810571992116,224.214222089013,6.32497318980066,46.431089558892495,0,0
2015,Burkina Faso,Nord,Loroum,182296,2,0,0.0,184.585125,200.91187390029324,224.214222089013,16.326748900293268,39.62909708901299,0,0
2015,Burkina Faso,Nord,Yatenga,697830,2,0,0.0,184.585125,200.91187390029324,224.214222089013,16.326748900293268,39.62909708901299,4,0
2015,Burkina Faso,Sahel,Oudalan,260360,3,88522,0.33999846366569364,214.69014084507043,229.2095487364621,224.214222089013,14.519407891391694,9.524081243942534,2,1
2015,Burkina Faso,Sahel,Seno,341132,2,3411,0.009999061946695122,214.69014084507043,229.2095487364621,224.214222089013,14.519407891391694,9.524081243942534,1,0
2015,Burkina Faso,Sahel,Soum,454634,3,163668,0.3599994721028344,214.69014084507043,229.2095487364621,224.214222089013,14.519407891391694,9.524081243942534,2,2
2015,Burkina Faso,Sahel,Yagha,209783,2,0,0.0,214.69014084507043,229.2095487364621,224.214222089013,14.519407891391694,9.524081243942534,0,0
2015,Mali,Gao,Ansongo,161807,3,35598,0.2200028428930763,204.8181818181818,251.0883964143426,224.214222089013,46.270214596160834,19.396040270831147,6,13
2015,Mali,Gao,Bourem,142686,3,38525,0.2699984581528672,204.8181818181818,251.0883964143426,224.214222089013,46.270214596160834,19.396040270831147,8,22
2015,Mali,Gao,Gao,293730,2,20561,0.0699996595512886,204.8181818181818,251.0883964143426,224.214222089013,46.270214596160834,19.396040270831147,16,39
2015,Mali,Gao,Menaka,66777,2,3339,0.050002246282402615,204.8181818181818,251.0883964143426,224.214222089013,46.270214596160834,19.396040270831147,11,27
2015,Mali,Mopti,Bandiagara,384391,1,7688,0.020000468273190575,164.75,192.26108797468362,224.214222089013,27.51108797468359,59.46422208901296,0,0
2015,Mali,Mopti,Bankass,324694,1,3247,0.010000184789370916,164.75,192.26108797468362,224.214222089013,27.51108797468359,59.46422208901296,1,1
2015,Mali,Mopti,Djenne,255577,1,5112,0.020001799848969198,164.75,192.26108797468362,224.214222089013,27.51108797468359,59.46422208901296,1,1
2015,Mali,Mopti,Douentza,302436,2,30244,0.1000013225938711,164.75,192.26108797468362,224.214222089013,27.51108797468359,59.46422208901296,6,21
2015,Mali,Mopti,Koro,444640,1,8893,0.02000044980208708,164.75,192.26108797468362,224.214222089013,27.51108797468359,59.46422208901296,1,4
2015,Mali,Mopti,Mopti,452388,1,4524,0.010000265259025438,164.75,192.26108797468362,224.214222089013,27.51108797468359,59.46422208901296,3,19
2015,Mali,Mopti,Tenenkou,199793,1,5994,0.03000105108787595,164.75,192.26108797468362,224.214222089013,27.51108797468359,59.46422208901296,10,31
2015,Mali,Mopti,Youwarou,133082,2,13308,0.0999984971671601,164.75,192.26108797468362,224.214222089013,27.51108797468359,59.46422208901296,1,1
2015,Mali,Tombouctou,Dire,134559,2,13456,0.10000074316842426,228.75757575757572,246.583972392638,224.214222089013,17.82639663506228,4.543353668562787,2,4
2015,Mali,Tombouctou,Gourma-Rharous,136242,3,32698,0.2399994128095595,228.75757575757572,246.583972392638,224.214222089013,17.82639663506228,4.543353668562787,7,32
2015,Mali,Tombouctou,Niafunke,215275,2,21528,0.10000232261061433,228.75757575757572,246.583972392638,224.214222089013,17.82639663506228,4.543353668562787,2,19
2015,Niger,Tahoua,Tahoua,474962,2,23748,0.04999978945684076,193.83857816901414,230.61736754748142,224.214222089013,36.77878937846728,30.375643919998822,0,0
2015,Niger,Tahoua,Tassara,186269,2,8507,0.045670508780312334,193.83857816901414,230.61736754748142,224.214222089013,36.77878937846728,30.375643919998822,0,0
2015,Niger,Tahoua,Tillia,42841,2,3427,0.0799934642048505,193.83857816901414,230.61736754748142,224.214222089013,36.77878937846728,30.375643919998822,0,0
2015,Niger,Tillaberi,Banibangou,73554,3,15446,0.2099953775457487,224.0879253846154,244.7919648848684,224.214222089013,20.704039500253003,0.1262967043975607,0,0
2015,Niger,Tillaberi,Filingue,613214,2,26560,0.04331277498556784,224.0879253846154,244.7919648848684,224.214222089013,20.704039500253003,0.1262967043975607,0,0
2015,Niger,Tillaberi,Kollo,511313,1,5113,0.009999745752601636,224.0879253846154,244.7919648848684,224.214222089013,20.704039500253003,0.1262967043975607,0,0
2015,Niger,Tillaberi,Ouallam,359512,3,71902,0.1999988873806716,224.0879253846154,244.7919648848684,224.214222089013,20.704039500253003,0.1262967043975607,0,0
2015,Niger,Tillaberi,Say,393594,1,4013,0.010195785504860338,224.0879253846154,244.7919648848684,224.214222089013,20.704039500253003,0.1262967043975607,0,0
2015,Niger,Tillaberi,Tera,462643,2,18506,0.04000060521827846,224.0879253846154,244.7919648848684,224.214222089013,20.704039500253003,0.1262967043975607,0,0
2015,Niger,Tillaberi,Tillaberi,577261,2,19816,0.034327626498239096,224.0879253846154,244.7919648848684,224.214222089013,20.704039500253003,0.1262967043975607,0,0
2016,Burkina Faso,Est,Komonjdjari,113336,2,7933,0.06999541187266183,159.41463414634148,184.10810571992116,224.214222089013,24.693471573579675,64.79958794267151,0,0
2016,Burkina Faso,Nord,Loroum,187609,1,1876,0.00999952027887788,193.22916666666663,200.91187390029324,224.214222089013,7.682707233626587,30.985055422346306,0,0
2016,Burkina Faso,Nord,Yatenga,717437,1,0,0.0,193.22916666666663,200.91187390029324,224.214222089013,7.682707233626587,30.985055422346306,0,0
2016,Burkina Faso,Sahel,Oudalan,268915,2,29581,0.11000130152650467,214.55555555555557,229.2095487364621,224.214222089013,14.653993180906582,9.65866653345742,4,13
2016,Burkina Faso,Sahel,Seno,351354,2,28108,0.07999908923763498,214.55555555555557,229.2095487364621,224.214222089013,14.653993180906582,9.65866653345742,0,0
2016,Burkina Faso,Sahel,Soum,468949,2,42205,0.08999912570450093,214.55555555555557,229.2095487364621,224.214222089013,14.653993180906582,9.65866653345742,11,19
2016,Burkina Faso,Sahel,Yagha,216403,2,15148,0.0699990295883144,214.55555555555557,229.2095487364621,224.214222089013,14.653993180906582,9.65866653345742,0,0
2016,Mali,Gao,Ansongo,166674,2,15001,0.09000203991024397,209.79166666666663,251.0883964143426,224.214222089013,41.296729747675975,14.422555422346306,2,2
2016,Mali,Gao,Bourem,146978,2,14698,0.10000136074786704,209.79166666666663,251.0883964143426,224.214222089013,41.296729747675975,14.422555422346306,1,2
2016,Mali,Gao,Gao,302564,1,21179,0.06999841355878425,209.79166666666663,251.0883964143426,224.214222089013,41.296729747675975,14.422555422346306,10,13
2016,Mali,Gao,Menaka,68785,1,6191,0.09000508831867413,209.79166666666663,251.0883964143426,224.214222089013,41.296729747675975,14.422555422346306,7,16
2016,Mali,Mopti,Bandiagara,395782,1,7916,0.020000909591643884,169.01980198019805,192.26108797468362,224.214222089013,23.241285994485565,55.19442010881494,1,0
2016,Mali,Mopti,Bankass,334317,1,6686,0.019998983001163567,169.01980198019805,192.26108797468362,224.214222089013,23.241285994485565,55.19442010881494,0,0
2016,Mali,Mopti,Djenne,263151,1,5263,0.019999923998008748,169.01980198019805,192.26108797468362,224.214222089013,23.241285994485565,55.19442010881494,3,15
2016,Mali,Mopti,Douentza,311399,1,21798,0.07000022479198713,169.01980198019805,192.26108797468362,224.214222089013,23.241285994485565,55.19442010881494,20,58
2016,Mali,Mopti,Koro,457817,1,9156,0.019999257345183773,169.01980198019805,192.26108797468362,224.214222089013,23.241285994485565,55.19442010881494,3,5
2016,Mali,Mopti,Mopti,465794,1,4658,0.010000128812307586,169.01980198019805,192.26108797468362,224.214222089013,23.241285994485565,55.19442010881494,6,9
2016,Mali,Mopti,Tenenkou,205714,2,10286,0.0500014583353588,169.01980198019805,192.26108797468362,224.214222089013,23.241285994485565,55.19442010881494,6,27
2016,Mali,Mopti,Youwarou,137026,2,4111,0.030001605534716036,169.01980198019805,192.26108797468362,224.214222089013,23.241285994485565,55.19442010881494,0,0
2016,Mali,Tombouctou,Dire,138459,2,5538,0.039997399952332466,227.36111111111111,246.583972392638,224.214222089013,19.22286128152692,3.1468890220981507,0,0
2016,Mali,Tombouctou,Gourma-Rharous,140191,2,16823,0.12000057065004173,227.36111111111111,246.583972392638,224.214222089013,19.22286128152692,3.1468890220981507,8,9
2016,Mali,Tombouctou,Niafunke,221515,2,26582,0.12000090287339454,227.36111111111111,246.583972392638,224.214222089013,19.22286128152692,3.1468890220981507,2,5
2016,Niger,Tahoua,Tahoua,498589,2,74788,0.14999929801900966,211.67424242424244,230.61736754748142,224.214222089013,18.943125123238985,12.539979664770527,2,3
2016,Niger,Tahoua,Tassara,195379,1,13677,0.0700024055809478,211.67424242424244,230.61736754748142,224.214222089013,18.943125123238985,12.539979664770527,1,22
2016,Niger,Tahoua,Tillia,44936,1,3595,0.08000267046466085,211.67424242424244,230.61736754748142,224.214222089013,18.943125123238985,12.539979664770527,0,0
2016,Niger,Tillaberi,Banibangou,77151,2,16973,0.2199971484491452,233.96875,244.7919648848684,224.214222089013,10.823214884868408,9.754527910987038,1,7
2016,Niger,Tillaberi,Filingue,643199,2,19724,0.030665470561987814,233.96875,244.7919648848684,224.214222089013,10.823214884868408,9.754527910987038,0,0
2016,Niger,Tillaberi,Kollo,536318,1,10726,0.019999328756446732,233.96875,244.7919648848684,224.214222089013,10.823214884868408,9.754527910987038,0,0
2016,Niger,Tillaberi,Ouallam,413582,2,82716,0.1999990328399205,233.96875,244.7919648848684,224.214222089013,10.823214884868408,9.754527910987038,0,0
2016,Niger,Tillaberi,Say,412827,2,8418,0.020391108139729237,233.96875,244.7919648848684,224.214222089013,10.823214884868408,9.754527910987038,0,0
2016,Niger,Tillaberi,Tera,485268,1,12679,0.02612783039475094,233.96875,244.7919648848684,224.214222089013,10.823214884868408,9.754527910987038,2,3
2016,Niger,Tillaberi,Tillaberi,539209,1,14219,0.02637010880753103,233.96875,244.7919648848684,224.214222089013,10.823214884868408,9.754527910987038,2,5
2017,Burkina Faso,Est,Komonjdjari,488310,2,14649,0.029999385636173742,190.65060240963857,184.10810571992116,224.214222089013,6.542496689717439,33.5636196793744,0,0
2017,Burkina Faso,Nord,Loroum,193037,2,3861,0.020001346892046603,227.25,200.91187390029324,224.214222089013,26.33812609970676,3.0357779109870364,4,3
2017,Burkina Faso,Nord,Yatenga,737505,2,14750,0.019999864407698933,227.25,200.91187390029324,224.214222089013,26.33812609970676,3.0357779109870364,2,3
2017,Burkina Faso,Sahel,Oudalan,277605,3,55521,0.2,245.56944444444446,229.2095487364621,224.214222089013,16.359895707982332,21.355222355431493,8,5
2017,Burkina Faso,Sahel,Seno,362198,2,18110,0.05000027609208224,245.56944444444446,229.2095487364621,224.214222089013,16.359895707982332,21.355222355431493,1,1
2017,Burkina Faso,Sahel,Soum,483423,2,14503,0.030000641260345493,245.56944444444446,229.2095487364621,224.214222089013,16.359895707982332,21.355222355431493,52,64
2017,Burkina Faso,Sahel,Yagha,223086,2,8923,0.03999802766646047,245.56944444444446,229.2095487364621,224.214222089013,16.359895707982332,21.355222355431493,0,0
2017,Mali,Gao,Ansongo,171540,2,15439,0.09000233181765185,258.178947368421,251.0883964143426,224.214222089013,7.090550954078424,33.9647252794081,32,37
2017,Mali,Gao,Bourem,151269,3,37817,0.24999834731504805,258.178947368421,251.0883964143426,224.214222089013,7.090550954078424,33.9647252794081,13,18
2017,Mali,Gao,Gao,311398,3,65394,0.21000134875625406,258.178947368421,251.0883964143426,224.214222089013,7.090550954078424,33.9647252794081,29,96
2017,Mali,Gao,Menaka,70793,3,20530,0.2900004237707118,258.178947368421,251.0883964143426,224.214222089013,7.090550954078424,33.9647252794081,35,128
2017,Mali,Mopti,Bandiagara,407174,1,8143,0.019998821142803814,206.08879781420762,192.26108797468362,224.214222089013,13.827709839524061,18.125424274805308,5,12
2017,Mali,Mopti,Bankass,343939,1,3439,0.009998866077996391,206.08879781420762,192.26108797468362,224.214222089013,13.827709839524061,18.125424274805308,3,3
2017,Mali,Mopti,Djenne,270725,2,18951,0.0700009234463016,206.08879781420762,192.26108797468362,224.214222089013,13.827709839524061,18.125424274805308,18,20
2017,Mali,Mopti,Douentza,320362,2,16018,0.04999968785311616,206.08879781420762,192.26108797468362,224.214222089013,13.827709839524061,18.125424274805308,47,90
2017,Mali,Mopti,Koro,470994,1,9420,0.020000254780315672,206.08879781420762,192.26108797468362,224.214222089013,13.827709839524061,18.125424274805308,17,95
2017,Mali,Mopti,Mopti,479201,1,23960,0.04999989565965013,206.08879781420762,192.26108797468362,224.214222089013,13.827709839524061,18.125424274805308,9,22
2017,Mali,Mopti,Tenenkou,211635,2,16931,0.0800009450232712,206.08879781420762,192.26108797468362,224.214222089013,13.827709839524061,18.125424274805308,22,50
2017,Mali,Mopti,Youwarou,140969,2,7048,0.04999680780880903,206.08879781420762,192.26108797468362,224.214222089013,13.827709839524061,18.125424274805308,3,0
2017,Mali,Tombouctou,Dire,142522,1,4276,0.03000238559660965,250.67241379310346,246.583972392638,224.214222089013,4.088441400465428,26.458191704090492,2,7
2017,Mali,Tombouctou,Gourma-Rharous,144305,3,31747,0.21999930702331866,250.67241379310346,246.583972392638,224.214222089013,4.088441400465428,26.458191704090492,12,31
2017,Mali,Tombouctou,Niafunke,228015,1,13681,0.060000438567638086,250.67241379310346,246.583972392638,224.214222089013,4.088441400465428,26.458191704090492,10,15
2017,Niger,Tahoua,Tahoua,513670,2,25684,0.05000097338758347,270.59633027522943,230.61736754748142,224.214222089013,39.97896272774796,46.3821081862164,0,0
2017,Niger,Tahoua,Tassara,201678,2,11519,0.05711579845099615,270.59633027522943,230.61736754748142,224.214222089013,39.97896272774796,46.3821081862164,1,5
2017,Niger,Tahoua,Tillia,46385,2,2319,0.04999461032661421,270.59633027522943,230.61736754748142,224.214222089013,39.97896272774796,46.3821081862164,0,0
2017,Niger,Tillaberi,Banibangou,80157,3,21642,0.26999513454844865,257.75590551181097,244.7919648848684,224.214222089013,12.963940626942616,33.54168342279806,0,0
2017,Niger,Tillaberi,Filingue,668257,3,52870,0.07911626814234643,257.75590551181097,244.7919648848684,224.214222089013,12.963940626942616,33.54168342279806,1,8
2017,Niger,Tillaberi,Kollo,557212,1,11144,0.01999956928422216,257.75590551181097,244.7919648848684,224.214222089013,12.963940626942616,33.54168342279806,0,0
2017,Niger,Tillaberi,Ouallam,391778,3,90109,0.23000015314795624,257.75590551181097,244.7919648848684,224.214222089013,12.963940626942616,33.54168342279806,2,24
2017,Niger,Tillaberi,Say,428910,2,15137,0.03529178615560374,257.75590551181097,244.7919648848684,224.214222089013,12.963940626942616,33.54168342279806,0,0
2017,Niger,Tillaberi,Tera,504173,2,32243,0.0639522544840759,257.75590551181097,244.7919648848684,224.214222089013,12.963940626942616,33.54168342279806,5,12
2017,Niger,Tillaberi,Tillaberi,560212,2,20205,0.03606670331945763,257.75590551181097,244.7919648848684,224.214222089013,12.963940626942616,33.54168342279806,6,18
2018,Burkina Faso,Est,Komonjdjari,121483,3,25147,0.20700015640048405,224.14285714285717,184.10810571992116,224.214222089013,40.034751422936004,0.07136494615582477,7,6
2018,Burkina Faso,Nord,Loroum,198622,2,8938,0.04500005034689007,237.08333333333331,200.91187390029324,224.214222089013,36.171459433040106,12.869111244320381,7,8
2018,Burkina Faso,Nord,Yatenga,758102,2,26534,0.03500056720599603,237.08333333333331,200.91187390029324,224.214222089013,36.171459433040106,12.869111244320381,6,0
2018,Burkina Faso,Sahel,Oudalan,286547,2,57309,0.19999860406844253,259.1388888888889,229.2095487364621,224.214222089013,29.929340152426793,34.92466679987595,20,10
2018,Burkina Faso,Sahel,Seno,372930,2,16782,0.045000402220255815,259.1388888888889,229.2095487364621,224.214222089013,29.929340152426793,34.92466679987595,1,0
2018,Burkina Faso,Sahel,Soum,498409,3,118123,0.2370001344277491,259.1388888888889,229.2095487364621,224.214222089013,29.929340152426793,34.92466679987595,82,161
2018,Burkina Faso,Sahel,Yagha,230011,1,3450,0.014999282643004031,259.1388888888889,229.2095487364621,224.214222089013,29.929340152426793,34.92466679987595,3,2
2018,Mali,Gao,Ansongo,171540,2,13723,0.07999883409117407,275.1056910569106,251.0883964143426,224.214222089013,24.01729464256795,50.891468967897616,46,72
2018,Mali,Gao,Bourem,151269,3,31766,0.20999676073749413,275.1056910569106,251.0883964143426,224.214222089013,24.01729464256795,50.891468967897616,13,28
2018,Mali,Gao,Gao,311398,2,24912,0.0800005138119063,275.1056910569106,251.0883964143426,224.214222089013,24.01729464256795,50.891468967897616,40,71
2018,Mali,Gao,Menaka,70793,3,14867,0.2100066390744848,275.1056910569106,251.0883964143426,224.214222089013,24.01729464256795,50.891468967897616,56,384
2018,Mali,Mopti,Bandiagara,407174,2,36646,0.0900008350238473,227.43103448275863,192.26108797468362,224.214222089013,35.169946508075036,3.21681239374567,7,14
2018,Mali,Mopti,Bankass,343939,1,13758,0.040001279296619466,227.43103448275863,192.26108797468362,224.214222089013,35.169946508075036,3.21681239374567,20,67
2018,Mali,Mopti,Djenne,270725,2,35194,0.1299990765536984,227.43103448275863,192.26108797468362,224.214222089013,35.169946508075036,3.21681239374567,32,153
2018,Mali,Mopti,Douentza,320362,2,35240,0.1100005618643909,227.43103448275863,192.26108797468362,224.214222089013,35.169946508075036,3.21681239374567,73,157
2018,Mali,Mopti,Koro,470994,2,42389,0.08999902334212326,227.43103448275863,192.26108797468362,224.214222089013,35.169946508075036,3.21681239374567,64,213
2018,Mali,Mopti,Mopti,479201,2,52712,0.10999977045123027,227.43103448275863,192.26108797468362,224.214222089013,35.169946508075036,3.21681239374567,24,62
2018,Mali,Mopti,Tenenkou,211635,3,63490,0.299997637441822,227.43103448275863,192.26108797468362,224.214222089013,35.169946508075036,3.21681239374567,39,139
2018,Mali,Mopti,Youwarou,140969,2,8458,0.0599990068738517,227.43103448275863,192.26108797468362,224.214222089013,35.169946508075036,3.21681239374567,7,49
2018,Mali,Tombouctou,Dire,142522,2,5701,0.040000841975274,271.5072463768116,246.583972392638,224.214222089013,24.923273984173587,47.29302428779865,0,0
2018,Mali,Tombouctou,Gourma-Rharous,144305,2,10101,0.06999757458161532,271.5072463768116,246.583972392638,224.214222089013,24.923273984173587,47.29302428779865,26,50
2018,Mali,Tombouctou,Niafunke,228015,2,11401,0.05000109641909523,271.5072463768116,246.583972392638,224.214222089013,24.923273984173587,47.29302428779865,10,21
2018,Niger,Tahoua,Tahoua,717259,2,21312,0.0297131161825784,243.48648648648648,230.61736754748142,224.214222089013,12.869118939005062,19.27226439747352,0,0
2018,Niger,Tahoua,Tassara,209189,2,2092,0.010000525840268849,243.48648648648648,230.61736754748142,224.214222089013,12.869118939005062,19.27226439747352,0,0
2018,Niger,Tahoua,Tillia,48112,2,962,0.01999501163950781,243.48648648648648,230.61736754748142,224.214222089013,12.869118939005062,19.27226439747352,2,9
2018,Niger,Tillaberi,Banibangou,83318,3,19163,0.2299983196908231,268.99152542372883,244.7919648848684,224.214222089013,24.199560538860425,44.777303334715874,0,0
2018,Niger,Tillaberi,Filingue,694612,3,61719,0.08885392132586249,268.99152542372883,244.7919648848684,224.214222089013,24.199560538860425,44.777303334715874,10,72
2018,Niger,Tillaberi,Kollo,579187,1,0,0.0,268.99152542372883,244.7919648848684,224.214222089013,24.199560538860425,44.777303334715874,0,0
2018,Niger,Tillaberi,Ouallam,407229,3,85518,0.2099997789941286,268.99152542372883,244.7919648848684,224.214222089013,24.199560538860425,44.777303334715874,10,35
2018,Niger,Tillaberi,Say,445826,1,0,0.0,268.99152542372883,244.7919648848684,224.214222089013,24.199560538860425,44.777303334715874,10,18
2018,Niger,Tillaberi,Tera,524057,3,28483,0.0543509580064764,268.99152542372883,244.7919648848684,224.214222089013,24.199560538860425,44.777303334715874,4,3
2018,Niger,Tillaberi,Tillaberi,653890,2,26189,0.04005107892764838,268.99152542372883,244.7919648848684,224.214222089013,24.199560538860425,44.777303334715874,16,42
2019,Burkina Faso,Est,Komonjdjari,125679,3,26393,0.21000326227929889,170.6341463414634,184.10810571992116,224.214222089013,13.473959378457721,53.580075747549564,11,39
2019,Burkina Faso,Nord,Loroum,204332,2,14303,0.06999882544094904,178.5625,200.91187390029324,224.214222089013,22.349373900293244,45.65172208901296,31,156
2019,Burkina Faso,Nord,Yatenga,779220,1,15584,0.01999948666615333,178.5625,200.91187390029324,224.214222089013,22.349373900293244,45.65172208901296,27,127
2019,Burkina Faso,Sahel,Oudalan,295692,3,68009,0.22999945889641926,216.14457831325302,229.2095487364621,224.214222089013,13.064970423209104,8.069643775759943,63,105
2019,Burkina Faso,Sahel,Seno,383905,2,49908,0.13000091168388012,216.14457831325302,229.2095487364621,224.214222089013,13.064970423209104,8.069643775759943,14,73
2019,Burkina Faso,Sahel,Soum,513727,3,118157,0.2299995912225754,216.14457831325302,229.2095487364621,224.214222089013,13.064970423209104,8.069643775759943,169,923
2019,Burkina Faso,Sahel,Yagha,237092,2,16596,0.06999814418031819,216.14457831325302,229.2095487364621,224.214222089013,13.064970423209104,8.069643775759943,12,6
2019,Mali,Gao,Ansongo,176406,2,10584,0.059997959253086625,250.873,251.0883964143426,224.214222089013,0.2153964143426492,26.65877791098703,33,58
2019,Mali,Gao,Bourem,155560,3,32668,0.2100025713551041,250.873,251.0883964143426,224.214222089013,0.2153964143426492,26.65877791098703,11,5
2019,Mali,Gao,Gao,320232,2,22416,0.06999925054335608,250.873,251.0883964143426,224.214222089013,0.2153964143426492,26.65877791098703,27,45
2019,Mali,Gao,Menaka,72802,3,17472,0.23999340677453915,250.873,251.0883964143426,224.214222089013,0.2153964143426492,26.65877791098703,37,273
2019,Mali,Mopti,Bandiagara,418873,2,25132,0.0599990928037854,192.7728068421053,192.26108797468362,224.214222089013,0.5117188674216777,31.44141524690769,74,193
2019,Mali,Mopti,Bankass,353822,2,31844,0.09000005652559763,192.7728068421053,192.26108797468362,224.214222089013,0.5117188674216777,31.44141524690769,57,341
2019,Mali,Mopti,Djenne,278504,2,27850,0.09999856375491914,192.7728068421053,192.26108797468362,224.214222089013,0.5117188674216777,31.44141524690769,6,12
2019,Mali,Mopti,Douentza,329567,2,36252,0.1099988773147797,192.7728068421053,192.26108797468362,224.214222089013,0.5117188674216777,31.44141524690769,98,332
2019,Mali,Mopti,Koro,484527,3,101751,0.2100006810765964,192.7728068421053,192.26108797468362,224.214222089013,0.5117188674216777,31.44141524690769,104,264
2019,Mali,Mopti,Mopti,492970,1,19719,0.04000040570420107,192.7728068421053,192.26108797468362,224.214222089013,0.5117188674216777,31.44141524690769,18,64
2019,Mali,Mopti,Tenenkou,217716,2,21772,0.10000183725587462,192.7728068421053,192.26108797468362,224.214222089013,0.5117188674216777,31.44141524690769,18,83
2019,Mali,Mopti,Youwarou,145020,1,2900,0.019997241759757273,192.7728068421053,192.26108797468362,224.214222089013,0.5117188674216777,31.44141524690769,2,0
2019,Mali,Tombouctou,Dire,146585,1,2932,0.020002046594126275,254.83588957055213,246.583972392638,224.214222089013,8.251917177914123,30.62166748153919,6,4
2019,Mali,Tombouctou,Gourma-Rharous,148419,3,32652,0.21999878721727004,254.83588957055213,246.583972392638,224.214222089013,8.251917177914123,30.62166748153919,13,29
2019,Mali,Tombouctou,Niafunke,234514,2,7035,0.029998209062145544,254.83588957055213,246.583972392638,224.214222089013,8.251917177914123,30.62166748153919,3,0
2019,Niger,Tahoua,Tahoua,552554,2,11051,0.01999985521777057,196.04651162790694,230.61736754748142,224.214222089013,34.57085591957445,28.167710461106,0,0
2019,Niger,Tahoua,Tassara,216945,3,23280,0.10730830394800524,196.04651162790694,230.61736754748142,224.214222089013,34.57085591957445,28.167710461106,1,5
2019,Niger,Tahoua,Tillia,49896,3,11975,0.2399991983325317,196.04651162790694,230.61736754748142,224.214222089013,34.57085591957445,28.167710461106,2,17
2019,Niger,Tillaberi,Banibangou,86599,3,28578,0.3300038106675597,233.68115942028984,244.7919648848684,224.214222089013,11.11080546457856,9.466937331276881,3,6
2019,Niger,Tillaberi,Filingue,721966,3,71135,0.09852957064460101,233.68115942028984,244.7919648848684,224.214222089013,11.11080546457856,9.466937331276881,12,29
2019,Niger,Tillaberi,Kollo,601996,1,6020,0.010000066445624223,233.68115942028984,244.7919648848684,224.214222089013,11.11080546457856,9.466937331276881,2,3
2019,Niger,Tillaberi,Ouallam,423266,3,101584,0.2400003780128808,233.68115942028984,244.7919648848684,224.214222089013,11.11080546457856,9.466937331276881,15,41
2019,Niger,Tillaberi,Say,463383,3,66049,0.14253651946661833,233.68115942028984,244.7919648848684,224.214222089013,11.11080546457856,9.466937331276881,22,15
2019,Niger,Tillaberi,Tera,544696,2,42478,0.07798478417319019,233.68115942028984,244.7919648848684,224.214222089013,11.11080546457856,9.466937331276881,12,4
2019,Niger,Tillaberi,Tillaberi,617969,3,74058,0.11984096289619706,233.68115942028984,244.7919648848684,224.214222089013,11.11080546457856,9.466937331276881,25,165
2020,Burkina Faso,Est,Komonjdjari,129966,3,33791,0.25999876890879153,171.125,184.10810571992116,224.214222089013,12.983105719921125,53.08922208901296,17,31
2020,Burkina Faso,Nord,Loroum,210170,3,50441,0.2400009516106009,175.64285714285714,200.91187390029324,224.214222089013,25.269016757436106,48.571364946155825,46,185
2020,Burkina Faso,Nord,Yatenga,800878,3,168184,0.20999952552074105,175.64285714285714,200.91187390029324,224.214222089013,25.269016757436106,48.571364946155825,19,117
2020,Burkina Faso,Sahel,Oudalan,305029,3,85408,0.2799996065947828,223.14285714285717,229.2095487364621,224.214222089013,6.066691593604987,1.0713649461558248,115,674
2020,Burkina Faso,Sahel,Seno,395145,3,98786,0.2499993673208569,223.14285714285717,229.2095487364621,224.214222089013,6.066691593604987,1.0713649461558248,19,48
2020,Burkina Faso,Sahel,Soum,529371,3,232923,0.4399995466317573,223.14285714285717,229.2095487364621,224.214222089013,6.066691593604987,1.0713649461558248,118,783
2020,Burkina Faso,Sahel,Yagha,244340,3,61085,0.25,223.14285714285717,229.2095487364621,224.214222089013,6.066691593604987,1.0713649461558248,38,293
2020,Mali,Gao,Ansongo,186522,3,46631,0.2500026806489315,261.089552238806,251.0883964143426,224.214222089013,10.001155824463352,36.87533014979304,96,266
2020,Mali,Gao,Bourem,164481,3,50989,0.3099993312297469,261.089552238806,251.0883964143426,224.214222089013,10.001155824463352,36.87533014979304,12,111
2020,Mali,Gao,Gao,338595,3,81263,0.2400005906761765,261.089552238806,251.0883964143426,224.214222089013,10.001155824463352,36.87533014979304,45,161
2020,Mali,Gao,Menaka,76976,3,31560,0.40999792143005614,261.089552238806,251.0883964143426,224.214222089013,10.001155824463352,36.87533014979304,27,33
2020,Mali,Mopti,Bandiagara,443086,3,132926,0.3000004513796419,181.28504672897202,192.26108797468362,224.214222089013,10.976041245711627,42.929175360041,110,446
2020,Mali,Mopti,Bankass,374274,2,44913,0.12000032062072173,181.28504672897202,192.26108797468362,224.214222089013,10.976041245711627,42.929175360041,62,355
2020,Mali,Mopti,Djenne,294602,2,35352,0.11999918534157948,181.28504672897202,192.26108797468362,224.214222089013,10.976041245711627,42.929175360041,12,51
2020,Mali,Mopti,Douentza,348617,3,94127,0.27000117607575075,181.28504672897202,192.26108797468362,224.214222089013,10.976041245711627,42.929175360041,120,427
2020,Mali,Mopti,Koro,512535,3,148635,0.28999970733705993,181.28504672897202,192.26108797468362,224.214222089013,10.976041245711627,42.929175360041,211,451
2020,Mali,Mopti,Mopti,521466,2,41717,0.07999946305224118,181.28504672897202,192.26108797468362,224.214222089013,10.976041245711627,42.929175360041,43,288
2020,Mali,Mopti,Tenenkou,230301,2,29939,0.12999943552133947,181.28504672897202,192.26108797468362,224.214222089013,10.976041245711627,42.929175360041,5,0
2020,Mali,Mopti,Youwarou,153403,2,7670,0.04999902218339928,181.28504672897202,192.26108797468362,224.214222089013,10.976041245711627,42.929175360041,10,82
2020,Mali,Tombouctou,Dire,155011,2,7751,0.050002903019785695,233.20121951219508,246.583972392638,224.214222089013,13.382752880442922,8.986997423182146,9,5
2020,Mali,Tombouctou,Gourma-Rharous,156951,3,47085,0.2999980885754153,233.20121951219508,246.583972392638,224.214222089013,13.382752880442922,8.986997423182146,43,245
2020,Mali,Tombouctou,Niafunke,247996,2,12400,0.0500008064646204,233.20121951219508,246.583972392638,224.214222089013,13.382752880442922,8.986997423182146,10,22
2020,Niger,Tahoua,Tahoua,572972,3,41114,0.07175568788701718,234.5818181818182,230.61736754748142,224.214222089013,3.9644506343367714,10.367596092805227,2,2
2020,Niger,Tahoua,Tassara,224960,2,11572,0.0514402560455192,234.5818181818182,230.61736754748142,224.214222089013,3.9644506343367714,10.367596092805227,0,0
2020,Niger,Tahoua,Tillia,51740,3,11900,0.2299961345187476,234.5818181818182,230.61736754748142,224.214222089013,3.9644506343367714,10.367596092805227,12,65
2020,Niger,Tillaberi,Banibangou,90004,3,22501,0.25,236.9931506849315,244.7919648848684,224.214222089013,7.7988141999369125,12.77892859591853,26,401
2020,Niger,Tillaberi,Filingue,750352,3,147794,0.196966223852272,236.9931506849315,244.7919648848684,224.214222089013,7.7988141999369125,12.77892859591853,19,159
2020,Niger,Tillaberi,Kollo,625664,2,50053,0.07999980820376433,236.9931506849315,244.7919648848684,224.214222089013,7.7988141999369125,12.77892859591853,2,0
2020,Niger,Tillaberi,Ouallam,439907,3,107077,0.2434082658380067,236.9931506849315,244.7919648848684,224.214222089013,7.7988141999369125,12.77892859591853,19,41
2020,Niger,Tillaberi,Say,481601,3,70631,0.14665874863216646,236.9931506849315,244.7919648848684,224.214222089013,7.7988141999369125,12.77892859591853,34,45
2020,Niger,Tillaberi,Tera,655210,3,94223,0.14380580271973872,236.9931506849315,244.7919648848684,224.214222089013,7.7988141999369125,12.77892859591853,15,22
2020,Niger,Tillaberi,Tillaberi,642265,3,73625,0.11463336784660536,236.9931506849315,244.7919648848684,224.214222089013,7.7988141999369125,12.77892859591853,62,295
